epoch,time,train/box_loss,train/cls_loss,train/dfl_loss,metrics/precision(B),metrics/recall(B),metrics/mAP50(B),metrics/mAP50-95(B),val/box_loss,val/cls_loss,val/dfl_loss,lr/pg0,lr/pg1,lr/pg2
1,2.31209,5.07913,18.8023,4.0264,0.00066,0.19858,0.0002,6e-05,2.36574,7.7063,1.29047,0.00024,0.00024,0.00024
2,3.61188,2.47399,5.8796,1.1047,0.00113,0.34043,0.00094,0.00022,2.08394,5.85736,1.06359,0.00049505,0.00049505,0.00049505
3,4.88552,2.16428,4.89843,1.02405,0.00137,0.41135,0.00095,0.00034,2.07412,5.74771,1.06221,0.000744952,0.000744952,0.000744952
4,6.20304,2.27709,4.59353,1.01518,0.00189,0.56738,0.00182,0.00073,1.99734,4.87371,1.07812,0.000989706,0.000989706,0.000989706
5,7.44043,2.14804,3.90335,0.98932,0.00239,0.71631,0.13598,0.06212,2.05402,3.99438,1.11882,0.00122931,0.00122931,0.00122931
6,8.68247,2.04565,3.49329,0.9825,0.00253,0.75887,0.3722,0.17381,1.85884,3.28991,1.05784,0.00146377,0.00146377,0.00146377
7,9.89186,2.03469,3.20827,0.94513,0.88627,0.16587,0.51171,0.2161,1.94759,2.98486,1.08536,0.00169308,0.00169308,0.00169308
8,11.121,1.96047,2.87067,0.93375,0.90136,0.76596,0.82386,0.35169,2.04731,1.99132,1.12327,0.0018614,0.0018614,0.0018614
9,12.2783,1.93911,2.5731,0.94179,0.84642,0.70357,0.76487,0.36484,2.0463,1.87118,1.15321,0.0018416,0.0018416,0.0018416
10,13.4532,2.00076,2.38535,0.91136,0.86552,0.74468,0.77854,0.34263,1.97459,1.85656,1.14462,0.0018218,0.0018218,0.0018218
11,14.6428,1.94006,2.32687,0.91621,0.9059,0.75177,0.81359,0.41308,1.92063,1.73472,1.17008,0.001802,0.001802,0.001802
12,15.828,1.94024,1.88015,0.94473,0.49845,0.77305,0.43644,0.21308,1.78648,2.23138,1.05623,0.0017822,0.0017822,0.0017822
13,16.9775,1.86961,1.77644,0.91527,0.37299,0.69504,0.32172,0.13918,1.90623,3.10113,1.06851,0.0017624,0.0017624,0.0017624
14,18.1227,1.77395,1.72923,0.92885,0.75853,0.74468,0.71143,0.28533,1.90746,1.67928,1.03667,0.0017426,0.0017426,0.0017426
15,19.3517,1.80579,1.62575,0.89969,0.94821,0.85106,0.88529,0.45094,1.63052,1.32262,0.98641,0.0017228,0.0017228,0.0017228
16,20.534,1.73837,1.43725,0.91306,0.93465,0.83688,0.8818,0.46956,1.60202,1.29132,1.01502,0.001703,0.001703,0.001703
17,21.6841,1.73328,1.45764,0.909,0.85375,0.82806,0.82266,0.40125,1.6447,1.33546,1.02345,0.0016832,0.0016832,0.0016832
18,22.8234,1.78907,1.35321,0.92559,0.92175,0.83546,0.86179,0.4273,1.69896,1.35134,1.04017,0.0016634,0.0016634,0.0016634
19,23.9636,1.62175,1.28482,0.9056,0.87302,0.8289,0.87071,0.45774,1.57978,1.34763,0.99635,0.0016436,0.0016436,0.0016436
20,25.1065,1.71715,1.21867,0.90223,0.91121,0.88652,0.88785,0.48089,1.61547,1.17396,1.02586,0.0016238,0.0016238,0.0016238
21,26.2542,1.77848,1.20751,0.89577,0.90001,0.89362,0.89102,0.42876,1.77257,1.14737,1.04573,0.001604,0.001604,0.001604
22,27.4064,1.76525,1.23512,0.85391,0.95188,0.87943,0.89101,0.48904,1.56544,0.95884,0.98751,0.0015842,0.0015842,0.0015842
23,28.5708,1.59806,1.05996,0.87135,0.93914,0.87547,0.8847,0.48295,1.61459,0.89138,0.98623,0.0015644,0.0015644,0.0015644
24,29.7362,1.71764,1.11012,0.86353,0.94749,0.89589,0.88989,0.50019,1.50425,0.86868,1.00247,0.0015446,0.0015446,0.0015446
25,30.8812,1.60955,1.02542,0.87868,0.93169,0.9078,0.90438,0.47475,1.6615,0.95099,1.01367,0.0015248,0.0015248,0.0015248
26,32.0236,1.66326,1.11333,0.88272,0.90479,0.87617,0.88288,0.43928,1.75695,1.08072,1.03502,0.001505,0.001505,0.001505
27,33.2168,1.65956,0.99348,0.88167,0.94047,0.8964,0.89189,0.47047,1.58517,0.99649,1.01691,0.0014852,0.0014852,0.0014852
28,34.3341,1.61268,1.03338,0.88888,0.9612,0.9078,0.89912,0.48085,1.65367,0.94233,1.03179,0.0014654,0.0014654,0.0014654
29,35.4678,1.6036,0.97918,0.88817,0.95561,0.90071,0.89827,0.51742,1.48578,0.84793,1.00301,0.0014456,0.0014456,0.0014456
30,36.6,1.52212,0.90799,0.86745,0.92412,0.86379,0.88585,0.48195,1.55127,0.96335,0.99567,0.0014258,0.0014258,0.0014258
31,37.7167,1.57303,0.91082,0.90214,0.95463,0.89546,0.89681,0.53074,1.47251,0.84081,1.00625,0.001406,0.001406,0.001406
32,38.8735,1.51622,0.87111,0.85802,0.95313,0.90071,0.90841,0.50921,1.54869,0.85325,1.00075,0.0013862,0.0013862,0.0013862
33,40.0007,1.59099,0.89984,0.87032,0.96159,0.90071,0.89676,0.55919,1.38522,0.80355,0.97268,0.0013664,0.0013664,0.0013664
34,41.1508,1.47551,0.82446,0.86668,0.94811,0.90071,0.89518,0.53304,1.36644,0.77933,0.97376,0.0013466,0.0013466,0.0013466
35,42.2936,1.43883,0.80989,0.85598,0.96257,0.91201,0.89468,0.54262,1.33018,0.80616,0.97107,0.0013268,0.0013268,0.0013268
36,43.4571,1.46775,0.83082,0.86876,0.94875,0.91489,0.90028,0.52053,1.46853,0.86982,0.99817,0.001307,0.001307,0.001307
37,44.7854,1.48276,0.80834,0.87357,0.94122,0.92908,0.8974,0.54409,1.42557,0.85945,0.98946,0.0012872,0.0012872,0.0012872
38,46.153,1.55056,0.82858,0.86399,0.95481,0.92908,0.90355,0.53615,1.47415,0.85779,0.9969,0.0012674,0.0012674,0.0012674
39,47.4771,1.46291,0.82705,0.86195,0.97012,0.92093,0.89813,0.51874,1.4555,0.89551,0.99136,0.0012476,0.0012476,0.0012476
40,48.8395,1.49432,0.82961,0.85799,0.96178,0.92199,0.90273,0.4902,1.48942,0.84714,0.96416,0.0012278,0.0012278,0.0012278
41,50.057,1.41526,0.76495,0.85636,0.96214,0.92908,0.90238,0.5694,1.28002,0.74161,0.92923,0.001208,0.001208,0.001208
42,51.4797,1.54073,0.81917,0.86569,0.95827,0.9078,0.89527,0.47292,1.59269,0.83194,0.96389,0.0011882,0.0011882,0.0011882
43,53.2029,1.47236,0.77255,0.84276,0.96075,0.91489,0.90237,0.5289,1.371,0.79228,0.94634,0.0011684,0.0011684,0.0011684
44,54.9331,1.41953,0.75405,0.83725,0.95576,0.91942,0.9034,0.52702,1.40127,0.79145,0.94068,0.0011486,0.0011486,0.0011486
45,56.6831,1.45162,0.74334,0.87133,0.95473,0.92199,0.90782,0.57947,1.30885,0.76954,0.93505,0.0011288,0.0011288,0.0011288
46,58.4069,1.61989,0.81569,0.87763,0.9544,0.91489,0.90275,0.49793,1.42149,0.82456,0.93781,0.001109,0.001109,0.001109
47,60.2512,1.47185,0.74466,0.84166,0.96322,0.92868,0.90343,0.56248,1.32017,0.77499,0.93292,0.0010892,0.0010892,0.0010892
48,62.0807,1.38174,0.75858,0.85608,0.9558,0.9203,0.90121,0.56799,1.33156,0.7741,0.97008,0.0010694,0.0010694,0.0010694
49,63.8706,1.42684,0.72551,0.85939,0.96217,0.92199,0.89971,0.56346,1.32103,0.75231,0.96304,0.0010496,0.0010496,0.0010496
50,65.4918,1.33567,0.69832,0.85092,0.96376,0.9078,0.89967,0.54399,1.34502,0.81404,0.98172,0.0010298,0.0010298,0.0010298
51,67.1002,1.37962,0.7214,0.85698,0.97036,0.92862,0.90937,0.56987,1.31689,0.76861,0.97124,0.00101,0.00101,0.00101
52,68.7738,1.43015,0.71006,0.8457,0.96126,0.92908,0.90608,0.56976,1.28993,0.76106,0.9506,0.0009902,0.0009902,0.0009902
53,70.3982,1.44759,0.72841,0.86311,0.96836,0.92199,0.91016,0.5768,1.31847,0.76772,0.95663,0.0009704,0.0009704,0.0009704
54,71.9589,1.4449,0.72255,0.85818,0.96727,0.91489,0.90929,0.56801,1.35893,0.81602,0.97598,0.0009506,0.0009506,0.0009506
55,73.6298,1.32942,0.6785,0.85836,0.96464,0.92908,0.91185,0.58364,1.28118,0.78014,0.96762,0.0009308,0.0009308,0.0009308
56,75.238,1.34426,0.66194,0.82473,0.95531,0.92199,0.91203,0.6012,1.21808,0.75455,0.93902,0.000911,0.000911,0.000911
57,76.8817,1.26574,0.64926,0.84577,0.95556,0.92199,0.91084,0.60868,1.20954,0.73946,0.93051,0.0008912,0.0008912,0.0008912
58,78.6347,1.42844,0.67156,0.84758,0.96812,0.92199,0.90729,0.57799,1.25662,0.73701,0.93545,0.0008714,0.0008714,0.0008714
59,80.2634,1.28558,0.69357,0.85306,0.96969,0.92908,0.90474,0.6131,1.19846,0.74799,0.95218,0.0008516,0.0008516,0.0008516
60,81.7683,1.30746,0.64752,0.85799,0.96734,0.92908,0.90142,0.55991,1.33678,0.80299,0.96914,0.0008318,0.0008318,0.0008318
61,82.8683,1.3349,0.67599,0.8421,0.96884,0.92908,0.89922,0.56904,1.24384,0.77204,0.94369,0.000812,0.000812,0.000812
62,84.0006,1.29833,0.6508,0.83266,0.96869,0.92908,0.90041,0.58543,1.18442,0.74358,0.92155,0.0007922,0.0007922,0.0007922
63,85.1004,1.35235,0.64578,0.83292,0.9693,0.92199,0.90619,0.57532,1.24886,0.74838,0.92559,0.0007724,0.0007724,0.0007724
64,86.2258,1.27748,0.64562,0.81761,0.96901,0.92199,0.89963,0.59685,1.16305,0.70661,0.91278,0.0007526,0.0007526,0.0007526
65,87.3234,1.26264,0.62969,0.83209,0.96743,0.92908,0.89879,0.57818,1.23689,0.70186,0.91651,0.0007328,0.0007328,0.0007328
66,88.4401,1.36998,0.65899,0.83773,0.96817,0.92199,0.90002,0.58934,1.18307,0.68851,0.90682,0.000713,0.000713,0.000713
67,89.5542,1.30066,0.62758,0.82751,0.96985,0.92908,0.8996,0.59561,1.1574,0.72606,0.9242,0.0006932,0.0006932,0.0006932
68,90.7037,1.23831,0.58575,0.83636,0.96996,0.92908,0.90059,0.5875,1.21936,0.75901,0.9405,0.0006734,0.0006734,0.0006734
69,91.8338,1.28782,0.61758,0.83815,0.96977,0.92908,0.90179,0.62001,1.14118,0.71073,0.92013,0.0006536,0.0006536,0.0006536
70,92.9468,1.26128,0.60511,0.84227,0.96949,0.92908,0.90196,0.62689,1.12716,0.68141,0.91275,0.0006338,0.0006338,0.0006338
71,94.1827,1.25247,0.59614,0.84463,0.9696,0.92908,0.90164,0.62205,1.14722,0.69526,0.92254,0.000614,0.000614,0.000614
72,95.2916,1.21929,0.58635,0.82975,0.96226,0.92908,0.89843,0.63691,1.10418,0.6903,0.92217,0.0005942,0.0005942,0.0005942
73,96.3997,1.22745,0.60868,0.82655,0.96235,0.92908,0.9023,0.61985,1.08716,0.66162,0.91065,0.0005744,0.0005744,0.0005744
74,97.5179,1.25005,0.60966,0.82351,0.96304,0.92908,0.90434,0.62448,1.13151,0.6945,0.91809,0.0005546,0.0005546,0.0005546
75,98.6391,1.21755,0.59941,0.83276,0.96945,0.92908,0.90434,0.62739,1.1218,0.73389,0.93463,0.0005348,0.0005348,0.0005348
76,99.7521,1.2573,0.62391,0.8219,0.96909,0.92908,0.9026,0.61881,1.12721,0.72281,0.92316,0.000515,0.000515,0.000515
77,100.867,1.24037,0.62316,0.82554,0.96927,0.92908,0.9017,0.61252,1.1338,0.70638,0.9232,0.0004952,0.0004952,0.0004952
78,101.966,1.22362,0.58236,0.83507,0.96964,0.92908,0.90022,0.63232,1.11732,0.69953,0.92576,0.0004754,0.0004754,0.0004754
79,103.068,1.25745,0.59454,0.83081,0.97003,0.92908,0.89981,0.62799,1.09035,0.67673,0.90535,0.0004556,0.0004556,0.0004556
80,104.201,1.22323,0.58768,0.84427,0.97035,0.92851,0.90215,0.62448,1.09568,0.68558,0.91211,0.0004358,0.0004358,0.0004358
81,105.301,1.22823,0.58712,0.84041,0.96978,0.92908,0.90174,0.63905,1.13027,0.68357,0.90591,0.000416,0.000416,0.000416
82,106.469,1.18643,0.57316,0.81581,0.96914,0.92908,0.89952,0.63755,1.08561,0.67363,0.89674,0.0003962,0.0003962,0.0003962
83,107.583,1.18879,0.57061,0.81004,0.96955,0.92908,0.89981,0.62809,1.10034,0.69133,0.90413,0.0003764,0.0003764,0.0003764
84,108.699,1.17159,0.57254,0.81063,0.96948,0.92908,0.9021,0.64095,1.04523,0.63769,0.88989,0.0003566,0.0003566,0.0003566
85,109.824,1.17981,0.56157,0.82034,0.96946,0.92908,0.90221,0.64253,1.0465,0.6192,0.88372,0.0003368,0.0003368,0.0003368
86,110.986,1.12114,0.55882,0.81152,0.96944,0.92908,0.90414,0.66301,1.00156,0.60435,0.87908,0.000317,0.000317,0.000317
87,112.125,1.11065,0.55804,0.81701,0.96934,0.92908,0.90386,0.65724,1.01649,0.62043,0.89079,0.0002972,0.0002972,0.0002972
88,113.252,1.08081,0.54054,0.81321,0.96883,0.92908,0.90401,0.65822,1.04645,0.62127,0.89434,0.0002774,0.0002774,0.0002774
89,114.394,1.17329,0.55286,0.82401,0.96914,0.92908,0.90375,0.64971,1.01981,0.61893,0.89098,0.0002576,0.0002576,0.0002576
90,115.529,1.10215,0.54008,0.81338,0.9691,0.92908,0.90315,0.65868,0.98902,0.61195,0.88364,0.0002378,0.0002378,0.0002378
91,137.437,1.04805,0.54157,0.8231,0.96909,0.92908,0.90315,0.66237,0.99124,0.6142,0.88452,0.000218,0.000218,0.000218
92,138.787,1.08535,0.55389,0.8218,0.96903,0.92908,0.90314,0.6595,1.02519,0.67192,0.91579,0.0001982,0.0001982,0.0001982
93,140.148,1.08855,0.55699,0.82526,0.96893,0.92908,0.90296,0.66665,1.01648,0.67416,0.91745,0.0001784,0.0001784,0.0001784
94,141.476,1.01344,0.53367,0.82391,0.96955,0.92908,0.90479,0.66983,1.01225,0.68819,0.9194,0.0001586,0.0001586,0.0001586
95,142.753,1.00338,0.52626,0.82031,0.96926,0.92908,0.90454,0.66753,0.98841,0.67601,0.91482,0.0001388,0.0001388,0.0001388
96,144.143,1.02962,0.51491,0.81894,0.96906,0.92908,0.90454,0.67947,0.99594,0.66719,0.90495,0.000119,0.000119,0.000119
97,145.569,1.01125,0.51401,0.81111,0.96924,0.92908,0.90452,0.67586,1.00553,0.66106,0.90139,9.92e-05,9.92e-05,9.92e-05
98,146.824,1.01839,0.52114,0.83913,0.96925,0.92908,0.90452,0.67733,0.98307,0.66757,0.90517,7.94e-05,7.94e-05,7.94e-05
99,148.104,0.93979,0.49234,0.80877,0.9692,0.92908,0.90471,0.68159,0.95226,0.64607,0.8927,5.96e-05,5.96e-05,5.96e-05
100,149.487,1.00257,0.51672,0.81358,0.96908,0.92908,0.90471,0.6777,0.94638,0.64517,0.89247,3.98e-05,3.98e-05,3.98e-05
